,Acurácia,Precision,Recall,F1
KNN,0.9695997494170533,0.8945573861863337,0.9615004809907358,0.9267869728533845
MLP,0.9537996991060833,0.8901721118656515,0.8784744264504384,0.8834841083593457
